lake,flag_id,zone,kind,area_ac,first_seen,status,confidence,lat,lon,google_maps,google_earth_web,sampled,verdict,what_you_see,imagery_dates_compared,checked_by
Ameenpur Lake,ameenpur-3,buffer,fill_or_construction,1.14,2023-dry,new,low,17.527614,78.329079,"https://www.google.com/maps/@17.527614,78.329079,19z/data=!3m1!1e3","https://earth.google.com/web/@17.527614,78.329079,0a,400d,35y,0h,0t,0r",,can't tell,"2017: green, more water; 2026: dry. Water level fluctuates across years, sometimes covering part of the outline. Not stated whether dry ground is fill/bare or just low water","2017-03-13, 2026-02-10",
Ameenpur Lake,ameenpur-8,lakebed,fill_or_construction,0.67,2023-dry,confirmed,medium,17.521016,78.327703,"https://www.google.com/maps/@17.521016,78.327703,19z/data=!3m1!1e3","https://earth.google.com/web/@17.521016,78.327703,0a,400d,35y,0h,0t,0r",,not confirmed,Water in both images; fully water-covered now,"2017-03-13, 2026-02-10",
Ameenpur Lake,ameenpur-5,buffer,fill_or_construction,0.52,2023-dry,confirmed,medium,17.526007,78.327148,"https://www.google.com/maps/@17.526007,78.327148,19z/data=!3m1!1e3","https://earth.google.com/web/@17.526007,78.327148,0a,400d,35y,0h,0t,0r",,not confirmed,2017: land; 2026: water with weeds (opposite of flagged change),"2017-03-13, 2026-02-10",
Ameenpur Lake,ameenpur-1,lakebed,fill_or_construction,0.49,2023-dry,confirmed,medium,17.528345,78.329794,"https://www.google.com/maps/@17.528345,78.329794,19z/data=!3m1!1e3","https://earth.google.com/web/@17.528345,78.329794,0a,400d,35y,0h,0t,0r",,not confirmed,"2017: land; 2026: fully water-covered, near the shore (opposite of flagged change)","2017-03-13, 2026-02-10",
Ameenpur Lake,ameenpur-4,lakebed,fill_or_construction,0.35,2023-dry,confirmed,medium,17.526511,78.328524,"https://www.google.com/maps/@17.526511,78.328524,19z/data=!3m1!1e3","https://earth.google.com/web/@17.526511,78.328524,0a,400d,35y,0h,0t,0r",,not confirmed,2017: land; 2026: water with weeds (opposite of flagged change),"2017-03-13, 2026-02-10",
Ameenpur Lake,ameenpur-6,lakebed,fill_or_construction,0.25,2023-dry,confirmed,medium,17.522986,78.325491,"https://www.google.com/maps/@17.522986,78.325491,19z/data=!3m1!1e3","https://earth.google.com/web/@17.522986,78.325491,0a,400d,35y,0h,0t,0r",,,,,
Ameenpur Lake,ameenpur-9,lakebed,fill_or_construction,0.25,2023-dry,confirmed,medium,17.52047,78.330175,"https://www.google.com/maps/@17.520470,78.330175,19z/data=!3m1!1e3","https://earth.google.com/web/@17.520470,78.330175,0a,400d,35y,0h,0t,0r",,,,,
Ameenpur Lake,ameenpur-7,lakebed,fill_or_construction,0.15,2023-dry,confirmed,medium,17.522231,78.326522,"https://www.google.com/maps/@17.522231,78.326522,19z/data=!3m1!1e3","https://earth.google.com/web/@17.522231,78.326522,0a,400d,35y,0h,0t,0r",,,,,
Ameenpur Lake,ameenpur-2,buffer,fill_or_construction,0.12,2025-dry,new,low,17.528322,78.331173,"https://www.google.com/maps/@17.528322,78.331173,19z/data=!3m1!1e3","https://earth.google.com/web/@17.528322,78.331173,0a,400d,35y,0h,0t,0r",,,,,
Bellandur Lake,bellandur-6,lakebed,vegetated_land,60.86,2025-dry,new,low,12.935493,77.673663,"https://www.google.com/maps/@12.935493,77.673663,19z/data=!3m1!1e3","https://earth.google.com/web/@12.935493,77.673663,0a,400d,35y,0h,0t,0r",top 10 of 49 by area,,,,
Bellandur Lake,bellandur-18,lakebed,fill_or_construction,31.75,2021-dry,confirmed,medium,12.933728,77.66991,"https://www.google.com/maps/@12.933728,77.669910,19z/data=!3m1!1e3","https://earth.google.com/web/@12.933728,77.669910,0a,400d,35y,0h,0t,0r",top 10 of 49 by area,,,,
Bellandur Lake,bellandur-31,lakebed,vegetated_land,4.89,2021-dry,new,low,12.931401,77.656683,"https://www.google.com/maps/@12.931401,77.656683,19z/data=!3m1!1e3","https://earth.google.com/web/@12.931401,77.656683,0a,400d,35y,0h,0t,0r",top 10 of 49 by area,,,,
Bellandur Lake,bellandur-13,lakebed,fill_or_construction,4.7,2021-dry,confirmed,medium,12.936953,77.668722,"https://www.google.com/maps/@12.936953,77.668722,19z/data=!3m1!1e3","https://earth.google.com/web/@12.936953,77.668722,0a,400d,35y,0h,0t,0r",top 10 of 49 by area,,,,
Bellandur Lake,bellandur-42,buffer,fill_or_construction,4.42,2026-dry,new,low,12.929312,77.654266,"https://www.google.com/maps/@12.929312,77.654266,19z/data=!3m1!1e3","https://earth.google.com/web/@12.929312,77.654266,0a,400d,35y,0h,0t,0r",top 10 of 49 by area,not confirmed,Channel looks the same in both images,"2017-01-17, 2026-05-30",
Bellandur Lake,bellandur-17,lakebed,vegetated_land,3.71,2025-dry,new,low,12.935877,77.669433,"https://www.google.com/maps/@12.935877,77.669433,19z/data=!3m1!1e3","https://earth.google.com/web/@12.935877,77.669433,0a,400d,35y,0h,0t,0r",top 10 of 49 by area,,,,
Bellandur Lake,bellandur-8,lakebed,fill_or_construction,2.67,2026-dry,new,low,12.93799,77.671623,"https://www.google.com/maps/@12.937990,77.671623,19z/data=!3m1!1e3","https://earth.google.com/web/@12.937990,77.671623,0a,400d,35y,0h,0t,0r",top 10 of 49 by area,can't tell,2017: water with weeds; 2026: water gone. Checker notes Bellandur lake 'has been closed'. Not stated what replaced the water,"2017-01-17, 2026-05-30",
Bellandur Lake,bellandur-3,lakebed,fill_or_construction,2.55,2026-dry,new,low,12.939499,77.674375,"https://www.google.com/maps/@12.939499,77.674375,19z/data=!3m1!1e3","https://earth.google.com/web/@12.939499,77.674375,0a,400d,35y,0h,0t,0r",top 10 of 49 by area,,,,
Bellandur Lake,bellandur-14,lakebed,fill_or_construction,1.51,2026-dry,new,low,12.936807,77.670438,"https://www.google.com/maps/@12.936807,77.670438,19z/data=!3m1!1e3","https://earth.google.com/web/@12.936807,77.670438,0a,400d,35y,0h,0t,0r",top 10 of 49 by area,,,,
Bellandur Lake,bellandur-28,lakebed,fill_or_construction,1.24,2026-dry,new,low,12.933708,77.675762,"https://www.google.com/maps/@12.933708,77.675762,19z/data=!3m1!1e3","https://earth.google.com/web/@12.933708,77.675762,0a,400d,35y,0h,0t,0r",top 10 of 49 by area,,,,
Chembarambakkam Lake,chembarambakkam-1,buffer,fill_or_construction,0.15,2023-dry,confirmed,medium,12.991766,80.054189,"https://www.google.com/maps/@12.991766,80.054189,19z/data=!3m1!1e3","https://earth.google.com/web/@12.991766,80.054189,0a,400d,35y,0h,0t,0r",,not confirmed,"2017: lush green land; 2025: mostly water, small part land. No fill or construction seen","2017-09-07, 2025-05-15",
Jakkur Lake,jakkur-2,lakebed,fill_or_construction,1.14,2024-dry,confirmed,medium,13.093348,77.607327,"https://www.google.com/maps/@13.093348,77.607327,19z/data=!3m1!1e3","https://earth.google.com/web/@13.093348,77.607327,0a,400d,35y,0h,0t,0r",,,,,
Jakkur Lake,jakkur-1,buffer,fill_or_construction,0.91,2026-dry,new,low,13.093677,77.608323,"https://www.google.com/maps/@13.093677,77.608323,19z/data=!3m1!1e3","https://earth.google.com/web/@13.093677,77.608323,0a,400d,35y,0h,0t,0r",,not confirmed,2017: water with a bit of land; 2026: similar (surroundings had more water in 2017). No construction seen,"2017-02-11, 2026-02-13",
Jakkur Lake,jakkur-4,buffer,fill_or_construction,0.2,2026-dry,new,low,13.091142,77.609948,"https://www.google.com/maps/@13.091142,77.609948,19z/data=!3m1!1e3","https://earth.google.com/web/@13.091142,77.609948,0a,400d,35y,0h,0t,0r",,,,,
Jakkur Lake,jakkur-3,lakebed,fill_or_construction,0.17,2025-dry,confirmed,medium,13.09299,77.606854,"https://www.google.com/maps/@13.092990,77.606854,19z/data=!3m1!1e3","https://earth.google.com/web/@13.092990,77.606854,0a,400d,35y,0h,0t,0r",,,,,
Jakkur Lake,jakkur-5,buffer,fill_or_construction,0.17,2023-dry,confirmed,high,13.081861,77.614249,"https://www.google.com/maps/@13.081861,77.614249,19z/data=!3m1!1e3","https://earth.google.com/web/@13.081861,77.614249,0a,400d,35y,0h,0t,0r",,,,,
Kaikondrahalli Lake,kaikondrahalli-1,buffer,fill_or_construction,0.15,2026-dry,new,low,12.912253,77.670005,"https://www.google.com/maps/@12.912253,77.670005,19z/data=!3m1!1e3","https://earth.google.com/web/@12.912253,77.670005,0a,400d,35y,0h,0t,0r",,,,,
Pattandur Agrahara Lake,pattandur-agrahara-1,lakebed,fill_or_construction,0.12,2026-dry,new,low,12.979971,77.737934,"https://www.google.com/maps/@12.979971,77.737934,19z/data=!3m1!1e3","https://earth.google.com/web/@12.979971,77.737934,0a,400d,35y,0h,0t,0r",,,,,
Pattandur Agrahara Lake,pattandur-agrahara-2,lakebed,vegetated_land,0.12,2024-dry,new,low,12.979544,77.739243,"https://www.google.com/maps/@12.979544,77.739243,19z/data=!3m1!1e3","https://earth.google.com/web/@12.979544,77.739243,0a,400d,35y,0h,0t,0r",,,,,
Subedeharana Kere,subedeharana-kere-1,lakebed,vegetated_land,0.94,2025-dry,confirmed,medium,12.860107,77.615782,"https://www.google.com/maps/@12.860107,77.615782,19z/data=!3m1!1e3","https://earth.google.com/web/@12.860107,77.615782,0a,400d,35y,0h,0t,0r",,confirmed,"2016: weeds, wet, lake visible; 2026: vegetated land","2016-01-04, 2026-05-30",
Varthur Lake,varthur-1,lakebed,fill_or_construction,1.8,2025-dry,new,low,12.951238,77.74445,"https://www.google.com/maps/@12.951238,77.744450,19z/data=!3m1!1e3","https://earth.google.com/web/@12.951238,77.744450,0a,400d,35y,0h,0t,0r",,not confirmed,Water along the shore; same in both images (earlier image date not recorded),2026-02-13,
Varthur Lake,varthur-2,lakebed,vegetated_land,0.22,2026-dry,new,low,12.947053,77.728821,"https://www.google.com/maps/@12.947053,77.728821,19z/data=!3m1!1e3","https://earth.google.com/web/@12.947053,77.728821,0a,400d,35y,0h,0t,0r",,,,,
Yele Mallappa Shetty Lake,yele-mallappa-shetty-2,lakebed,vegetated_land,0.91,2026-dry,new,low,13.036057,77.725498,"https://www.google.com/maps/@13.036057,77.725498,19z/data=!3m1!1e3","https://earth.google.com/web/@13.036057,77.725498,0a,400d,35y,0h,0t,0r",,,,,
Yele Mallappa Shetty Lake,yele-mallappa-shetty-1,lakebed,vegetated_land,0.79,2023-dry,new,low,13.037808,77.724058,"https://www.google.com/maps/@13.037808,77.724058,19z/data=!3m1!1e3","https://earth.google.com/web/@13.037808,77.724058,0a,400d,35y,0h,0t,0r",,,,,
Yele Mallappa Shetty Lake,yele-mallappa-shetty-3,lakebed,vegetated_land,0.2,2026-dry,new,low,13.028751,77.729101,"https://www.google.com/maps/@13.028751,77.729101,19z/data=!3m1!1e3","https://earth.google.com/web/@13.028751,77.729101,0a,400d,35y,0h,0t,0r",,,,,
Yele Mallappa Shetty Lake,yele-mallappa-shetty-4,buffer,fill_or_construction,0.17,2024-dry,new,low,13.025336,77.723739,"https://www.google.com/maps/@13.025336,77.723739,19z/data=!3m1!1e3","https://earth.google.com/web/@13.025336,77.723739,0a,400d,35y,0h,0t,0r",,,,,
Yele Mallappa Shetty Lake,yele-mallappa-shetty-5,buffer,fill_or_construction,0.12,2025-dry,confirmed,medium,13.020585,77.72551,"https://www.google.com/maps/@13.020585,77.725510,19z/data=!3m1!1e3","https://earth.google.com/web/@13.020585,77.725510,0a,400d,35y,0h,0t,0r",,,,,
